44,afghanistan,afghanistan,Pajhwok Afghan News,https://pajhwok.com/feed/,pajhwok.com,rss,en,Kabul,Afghanistan,True,34.52695,69.18506,,2026-03-02 09:28:02.687594-07,NULL,active,2026-03-02 09:28:02.687594-07,2026-03-15 21:47:14.853706-06
54,albania,albania,Abc News,https://abcnews.al/comments/feed/,abcnews.al,rss,sq,Tirana,albania,True,41.32815,19.81844,,2026-03-02 09:28:02.687594-07,NULL,active,2026-03-02 09:28:02.687594-07,2026-03-15 21:47:14.853706-06
64,algeria,algeria,Ennahar Online,https://www.ennaharonline.com/feed/,ennaharonline.com,rss,"ar, fr",Algiers,algeria,True,36.77293,3.05884,,2026-03-02 09:28:02.687594-07,NULL,active,2026-03-02 09:28:02.687594-07,2026-03-15 21:47:14.853706-06
2989,andorra,andorra,Diari d'Andorra,https://www.diariandorra.ad/rss/home.xml,diariandorra.ad,rss,ca,Andorra la Vella,andorra,True,42.49792,1.50323,,2026-03-15 12:12:17.936853-06,NULL,active,2026-03-15 12:12:17.936853-06,2026-03-15 21:47:14.853706-06
82,angola,angola,Correio da Kianda,https://correiokianda.info/feed/,correiokianda.info,rss,pt,Luanda,angola,True,-8.82727,13.24395,,2026-03-02 09:28:02.687594-07,NULL,active,2026-03-02 09:28:02.687594-07,2026-03-15 21:47:14.853706-06
96,antigua_and_barbuda,antigua_and_barbuda,Antigua News Room,https://antiguanewsroom.com/feed/,antiguanewsroom.com,rss,en,St. John's,antigua_and_barbuda,True,17.11846,-61.84485,,2026-03-02 09:28:02.687594-07,NULL,active,2026-03-02 09:28:02.687594-07,2026-03-15 21:47:14.853706-06
106,argentina,argentina,Buenos Aires Times,https://www.batimes.com.ar/feed,batimes.com.ar,rss,en,Buenos Aires,Argentina,True,-34.60956,-58.38879,,2026-03-02 09:28:02.687594-07,NULL,active,2026-03-02 09:28:02.687594-07,2026-03-15 21:47:14.853706-06
123,armenia,armenia,Mediamax,https://mediamax.am/ru/index.rss,mediamax.am,rss,hy,Yerevan,armenia,True,40.17771,44.51262,,2026-03-02 09:28:02.687594-07,NULL,active,2026-03-02 09:28:02.687594-07,2026-03-15 21:47:14.853706-06
142,australia,australia,SBS News,https://www.sbs.com.au/news/feed,sbs.com.au,rss,en,Sydney,Australia,True,-33.86984,151.20828,,2026-03-02 09:28:02.687594-07,NULL,active,2026-03-02 09:28:02.687594-07,2026-03-15 21:47:14.853706-06
154,austria,austria,The Local Austria,https://feeds.thelocal.com/rss/builder/at,feeds.thelocal.com,rss,en,Vienna,austria,True,48.20835,16.3725,,2026-03-02 09:28:02.687594-07,NULL,active,2026-03-02 09:28:02.687594-07,2026-03-15 21:47:14.853706-06
167,azerbaijan,azerbaijan,Azerbaijan State News Agency (AZERTAC),https://azertag.az/rss,azertag.az,rss,az,Baku,azerbaijan,True,40.37559,49.8328,,2026-03-02 09:28:02.687594-07,NULL,active,2026-03-02 09:28:02.687594-07,2026-03-15 21:47:14.853706-06
2379,bahamas,bahamas,The Bahama Journal,http://jonesbahamas.com/category/editorials/feed/,jonesbahamas.com,rss,en,Nassau,bahamas,True,25.07823,-77.33834,,2026-03-04 11:24:12.950721-07,NULL,active,2026-03-04 11:24:12.950721-07,2026-03-15 21:47:14.853706-06
178,bahrain,bahrain,Voice of Bahrain,https://www.vob.org/?feed=rss2,vob.org,rss,en,Manama,bahrain,True,26.2235,50.58224,,2026-03-02 09:28:02.687594-07,NULL,active,2026-03-02 09:28:02.687594-07,2026-03-15 21:47:14.853706-06
189,bangladesh,bangladesh,Prothom Alo,https://www.prothomalo.com/stories.rss,prothomalo.com,rss,bn,Dhaka,bangladesh,True,23.76439,90.38901,,2026-03-02 09:28:02.687594-07,NULL,active,2026-03-02 09:28:02.687594-07,2026-03-15 21:47:14.853706-06
203,barbados,barbados,The Barbados Advocate,https://www.abbevillenow.com/rss.xml,abbevillenow.com,rss,en,Bridgetown,barbados,True,13.09778,-59.61842,,2026-03-02 09:28:02.687594-07,NULL,active,2026-03-02 09:28:02.687594-07,2026-03-15 21:47:14.853706-06
208,belarus,belarus,Belarusian Telegraph Agency (BelTA),https://eng.belta.by/rss/,eng.belta.by,rss,en,Minsk,belarus,True,53.90247,27.56182,,2026-03-02 09:28:02.687594-07,NULL,active,2026-03-02 09:28:02.687594-07,2026-03-15 21:47:14.853706-06
3746,belarus,Belarus,Narodnaya Volya,https://narodnaya.org/feed/,narodnaya.org,rss,en,Minsk,Belarus,True,53.90247,27.56182,NULL,2026-03-15 21:39:34.598756-06,NULL,active,2026-03-15 21:39:34.598756-06,2026-03-15 21:47:14.853706-06
216,belgium,belgium,Politico Europe,https://www.politico.eu/feed/,politico.eu,rss,en,Brussels,Belgium,True,50.84674,4.35249,,2026-03-02 09:28:02.687594-07,NULL,active,2026-03-02 09:28:02.687594-07,2026-03-15 21:47:14.853706-06
218,belize,belize,Love FM,https://lovefm.com/feed/,lovefm.com,rss,en,Belize City,belize,True,17.50028,-88.19887,,2026-03-02 09:28:02.687594-07,NULL,active,2026-03-02 09:28:02.687594-07,2026-03-15 21:47:14.853706-06
222,benin,benin,24 Heures au Bénin,https://24haubenin.info/spip.php?page=backend,24haubenin.info,rss,fr,Cotonou,benin,True,6.3677,2.42525,,2026-03-02 09:28:02.687594-07,NULL,active,2026-03-02 09:28:02.687594-07,2026-03-15 21:47:14.853706-06
2996,bhutan,bhutan,Bhutan Broadcasting Service,https://www.bbs.bt/feed/,bbs.bt,rss,en,Thimphu,bhutan,True,27.47135,89.63367,,2026-03-15 12:15:53.354475-06,NULL,active,2026-03-15 12:15:53.354475-06,2026-03-15 21:47:14.853706-06
236,bolivia,bolivia,Agencia Boliviana de Información,https://abi.bo/feed/,abi.bo,rss,es,La Paz,bolivia,True,-16.49555,-68.13362,,2026-03-02 09:28:02.687594-07,NULL,active,2026-03-02 09:28:02.687594-07,2026-03-15 21:47:14.853706-06
244,bosnia,bosnia,Balkan Insight,https://balkaninsight.com/feed/,balkaninsight.com,rss,en,Sarajevo,Bosnia,True,43.85707,18.41261,,2026-03-02 09:28:02.687594-07,NULL,active,2026-03-02 09:28:02.687594-07,2026-03-15 21:47:14.853706-06
264,botswana,botswana,The Voice,https://thevoicebw.com/feed/,thevoicebw.com,rss,en,Francistown,botswana,True,-21.16636,27.50251,,2026-03-02 09:28:02.687594-07,NULL,active,2026-03-02 09:28:02.687594-07,2026-03-15 21:47:14.853706-06
279,brazil,brazil,O Globo,https://oglobo.globo.com/rss.xml,oglobo.globo.com,rss,pt,Rio de Janeiro,brazil,True,-22.91101,-43.20937,,2026-03-02 09:28:02.687594-07,NULL,active,2026-03-02 09:28:02.687594-07,2026-03-15 21:47:14.853706-06
298,brunei,brunei,Biz Brunei,https://www.bizbrunei.com/feed/,bizbrunei.com,rss,en,Bandar Seri Begawan,brunei,True,4.88955,114.94176,,2026-03-02 09:28:02.687594-07,NULL,active,2026-03-02 09:28:02.687594-07,2026-03-15 21:47:14.853706-06
307,bulgaria,bulgaria,Dnevnik,https://www.dnevnik.bg/rss/,dnevnik.bg,rss,bg,Sofia,bulgaria,True,42.6977,23.32174,,2026-03-02 09:28:02.687594-07,NULL,active,2026-03-02 09:28:02.687594-07,2026-03-15 21:47:14.853706-06
334,burkina_faso,burkina_faso,Le Pays,https://lepays.bf/feed/,lepays.bf,rss,fr,Ouagadougou,burkina_faso,True,12.36819,-1.52709,,2026-03-02 09:28:02.687594-07,NULL,active,2026-03-02 09:28:02.687594-07,2026-03-15 21:47:14.853706-06
3011,cabo_verde,Cabo Verde,A Nação,https://www.anacao.cv/feed/,anacao.cv,rss,pt,Praia,Cabo Verde,True,14.91628,-23.50951,,2026-03-15 12:17:02.331548-06,NULL,active,2026-03-15 12:17:02.331548-06,2026-03-15 21:47:14.853706-06
355,cambodia,cambodia,The Cambodia Daily,https://www.cambodiadaily.com/feed/,cambodiadaily.com,rss,en,Phnom Penh,cambodia,True,11.57304,104.85781,,2026-03-02 09:28:02.687594-07,NULL,active,2026-03-02 09:28:02.687594-07,2026-03-15 21:47:14.853706-06
369,cameroon,cameroon,CRTV (Cameroon Radio Television),https://crtv.cm/feed/,crtv.cm,rss,en,Yaoundé,cameroon,True,3.86899,11.52133,,2026-03-02 09:28:02.687594-07,NULL,active,2026-03-02 09:28:02.687594-07,2026-03-15 21:47:14.853706-06
387,canada,canada,Globe and Mail,https://www.theglobeandmail.com/arc/outboundfeeds/rss/category/canada/,theglobeandmail.com,rss,en,Toronto,Canada,True,43.65348,-79.38393,,2026-03-02 09:28:02.687594-07,NULL,active,2026-03-02 09:28:02.687594-07,2026-03-15 21:47:14.853706-06
390,central_african_republic,central_african_republic,Corbeau News Centrafrique,https://corbeaunews-centrafrique.org/feed/,corbeaunews-centrafrique.org,rss,fr,Bangui,central_african_republic,True,4.36351,18.58359,,2026-03-02 09:28:02.687594-07,NULL,active,2026-03-02 09:28:02.687594-07,2026-03-15 21:47:14.853706-06
402,chad,chad,Journal du Tchad,https://journaldutchad.com/feed/,journaldutchad.com,rss,fr,N'Djamena,chad,True,12.11915,15.05028,,2026-03-02 09:28:02.687594-07,NULL,active,2026-03-02 09:28:02.687594-07,2026-03-15 21:47:14.853706-06
413,chile,chile,La Tercera,https://www.latercera.com/arc/outboundfeeds/rss/?outputType=xml,latercera.com,rss,es,Santiago,chile,True,-33.4377,-70.65107,,2026-03-02 09:28:02.687594-07,NULL,active,2026-03-02 09:28:02.687594-07,2026-03-15 21:47:14.853706-06
429,china,china,China Daily,https://www.chinadaily.com.cn/rss/world_rss.xml,chinadaily.com.cn,rss,en,Beijing,China,True,39.90571,116.3913,,2026-03-02 09:28:02.687594-07,NULL,active,2026-03-02 09:28:02.687594-07,2026-03-15 21:47:14.853706-06
1937,colombia,colombia,La República,https://www.larepublica.co/rss,larepublica.co,rss,es,Bogotá,columbia,True,4.65338,-74.08363,,2026-03-02 09:28:02.687594-07,NULL,active,2026-03-02 09:28:02.687594-07,2026-03-15 21:47:14.853706-06
3135,comoros,Comoros,Habari Za Comores,https://www.habarizacomores.com/feeds/posts/default,habarizacomores.com,rss,sw,Moroni,Comoros,True,-11.70403,43.25191,NULL,2026-03-15 18:25:14.687357-06,NULL,active,2026-03-15 18:25:14.687357-06,2026-03-15 21:47:14.853706-06
432,congo_dr,congo_dr,Radio Okapi,https://www.radiookapi.net/feed,radiookapi.net,rss,fr,Kinshasa,congo_dr,True,-4.30666,15.30664,,2026-03-02 09:28:02.687594-07,NULL,active,2026-03-02 09:28:02.687594-07,2026-03-15 21:47:14.853706-06
452,congo_republic,congo_republic,Les Dépêches de Brazzaville,https://www.adiac-congo.com/rss.xml,adiac-congo.com,rss,fr,Brazzaville,congo_republic,True,-4.27251,15.28304,,2026-03-02 09:28:02.687594-07,NULL,active,2026-03-02 09:28:02.687594-07,2026-03-15 21:47:14.853706-06
462,costa_rica,costa_rica,La Nación,https://www.nacion.com/arc/outboundfeeds/rss/?outputType=xml,nacion.com,rss,es,San José,costa_rica,True,9.93277,-84.07961,,2026-03-02 09:28:02.687594-07,NULL,active,2026-03-02 09:28:02.687594-07,2026-03-15 21:47:14.853706-06
475,cote_d_ivoire,cote_d_ivoire,Agence Ivoirienne de Presse (AIP),https://www.aip.ci/feed/,aip.ci,rss,fr,Abidjan,cote_d_ivoire,True,5.32036,-4.01611,,2026-03-02 09:28:02.687594-07,NULL,active,2026-03-02 09:28:02.687594-07,2026-03-15 21:47:14.853706-06
489,croatia,croatia,Jutarnji list,https://www.jutarnji.hr/feed,jutarnji.hr,rss,hr,Zagreb,croatia,True,45.8131,15.97728,,2026-03-02 09:28:02.687594-07,NULL,active,2026-03-02 09:28:02.687594-07,2026-03-15 21:47:14.853706-06
504,cuba,cuba,Trabajadores,https://www.trabajadores.cu/feed/,trabajadores.cu,rss,es,Havana,cuba,True,23.1353,-82.35896,,2026-03-02 09:28:02.687594-07,NULL,active,2026-03-02 09:28:02.687594-07,2026-03-15 21:47:14.853706-06
508,cyprus,cyprus,Cyprus Mail,https://cyprus-mail.com/feed,cyprus-mail.com,rss,en,Nicosia,cyprus,True,35.17465,33.36388,,2026-03-02 09:28:02.687594-07,NULL,active,2026-03-02 09:28:02.687594-07,2026-03-15 21:47:14.853706-06
524,czechia,czechia,Aktuálně.cz,https://www.aktualne.cz/rss,aktualne.cz,rss,cs,Prague,czechia,True,50.08747,14.42125,,2026-03-02 09:28:02.687594-07,NULL,active,2026-03-02 09:28:02.687594-07,2026-03-15 21:47:14.853706-06
553,denmark,denmark,Dagbladet Information,https://www.information.dk/feed,information.dk,rss,da,Copenhagen,denmark,True,55.68672,12.57007,,2026-03-02 09:28:02.687594-07,NULL,active,2026-03-02 09:28:02.687594-07,2026-03-15 21:47:14.853706-06
573,djibouti,djibouti,La Nation,https://www.lanation.dj/feed/,lanation.dj,rss,fr,Djibouti City,djibouti,True,11.55665,43.1134,,2026-03-02 09:28:02.687594-07,NULL,active,2026-03-02 09:28:02.687594-07,2026-03-15 21:47:14.853706-06
3186,dominica,Dominica,Emonews,https://emonewsdm.com/feed/,emonewsdm.com,rss,en,Roseau,Dominica,True,15.29919,-61.38729,NULL,2026-03-15 19:43:06.227898-06,NULL,active,2026-03-15 19:43:06.227898-06,2026-03-15 21:47:14.853706-06
584,dominican_republic,dominican_republic,Diario Libre,https://www.diariolibre.com/feed/portada.xml,diariolibre.com,rss,es,Santo Domingo,dominican_republic,True,18.47139,-69.89184,,2026-03-02 09:28:02.687594-07,NULL,active,2026-03-02 09:28:02.687594-07,2026-03-15 21:47:14.853706-06
600,ecuador,ecuador,El Comercio,https://www.elcomercio.com/feed/,elcomercio.com,rss,es,Quito,ecuador,True,-0.22016,-78.51233,,2026-03-02 09:28:02.687594-07,NULL,active,2026-03-02 09:28:02.687594-07,2026-03-15 21:47:14.853706-06
615,egypt,egypt,Egypt Independent,https://egyptindependent.com/feed/,egyptindependent.com,rss,en,Cairo,Egypt,True,30.04439,31.23573,,2026-03-02 09:28:02.687594-07,NULL,active,2026-03-02 09:28:02.687594-07,2026-03-15 21:47:14.853706-06
629,el_salvador,el_salvador,El Diario de Hoy,https://app-assets.elsalvador.com/rss/elsalvador.com/portada/index.xml,app-assets.elsalvador.com,rss,es,San Salvador,el_salvador,True,13.69763,-89.19116,,2026-03-02 09:28:02.687594-07,NULL,active,2026-03-02 09:28:02.687594-07,2026-03-15 21:47:14.853706-06
644,equatorial_guinea,equatorial_guinea,AHORAEG Guinea Ecuatorial,https://ahoraeg.com/feed/,ahoraeg.com,rss,es,Malabo,equatorial_guinea,True,3.74188,8.77407,,2026-03-02 09:28:02.687594-07,NULL,active,2026-03-02 09:28:02.687594-07,2026-03-15 21:47:14.853706-06
650,eritrea,eritrea,Shabait.com,https://shabait.com/feed/,shabait.com,rss,en,Asmara,eritrea,True,15.33897,38.93268,,2026-03-02 09:28:02.687594-07,NULL,active,2026-03-02 09:28:02.687594-07,2026-03-15 21:47:14.853706-06
658,estonia,estonia,ERR News Estonia,https://news.err.ee/rss,news.err.ee,rss,en,Tallinn,Estonia,True,59.43724,24.75727,,2026-03-02 09:28:02.687594-07,NULL,active,2026-03-02 09:28:02.687594-07,2026-03-15 21:47:14.853706-06
3197,eswatini,Eswatini,Eswatini Broadcasting and Information Services (EBIS),https://ebis.co.sz/feed/,ebis.co.sz,rss,en,Mbabane,Eswatini,True,-26.32575,31.14466,NULL,2026-03-15 19:46:43.097848-06,NULL,active,2026-03-15 19:46:43.097848-06,2026-03-15 21:47:14.853706-06
659,ethiopia,ethiopia,Capital Ethiopia,https://capitalethiopia.com/feed/,capitalethiopia.com,rss,en,Addis Ababa,ethiopia,True,9.03583,38.75241,,2026-03-02 09:28:02.687594-07,NULL,active,2026-03-02 09:28:02.687594-07,2026-03-15 21:47:14.853706-06
3209,fiji,Fiji,Fiji Times,https://www.fijitimes.com.fj/feed/,fijitimes.com.fj,rss,en,Suva,Fiji,True,-18.14159,178.44217,NULL,2026-03-15 20:02:08.007245-06,NULL,active,2026-03-15 20:02:08.007245-06,2026-03-15 21:47:14.853706-06
677,finland,finland,Yleisradio (Yle),https://yle.fi/rss/news,yle.fi,rss,fi,Helsinki,finland,True,60.16662,24.94354,,2026-03-02 09:28:02.687594-07,NULL,active,2026-03-02 09:28:02.687594-07,2026-03-15 21:47:14.853706-06
696,france,france,Le Monde English,https://www.lemonde.fr/en/rss/une.xml,lemonde.fr,rss,en,Paris,France,True,48.85889,2.32004,,2026-03-02 09:28:02.687594-07,NULL,active,2026-03-02 09:28:02.687594-07,2026-03-15 21:47:14.853706-06
700,gabon,gabon,L'Union,https://union.sonapresse.com/rss.xml,union.sonapresse.com,rss,fr,Libreville,gabon,True,0.40865,9.44188,,2026-03-02 09:28:02.687594-07,NULL,active,2026-03-02 09:28:02.687594-07,2026-03-15 21:47:14.853706-06
718,gambia,gambia,The Standard,https://standard.gm/feed/,standard.gm,rss,en,Bakau,gambia,True,13.47745,-16.67791,,2026-03-02 09:28:02.687594-07,NULL,active,2026-03-02 09:28:02.687594-07,2026-03-15 21:47:14.853706-06
738,georgia,georgia,JAM News,https://jam-news.net/feed/,jam-news.net,rss,en,Tbilisi,Georgia,True,41.69346,44.80145,,2026-03-02 09:28:02.687594-07,NULL,active,2026-03-02 09:28:02.687594-07,2026-03-15 21:47:14.853706-06
742,germany,germany,Der Spiegel English,https://www.spiegel.de/international/index.rss,spiegel.de,rss,en,Hamburg,Germany,True,53.55017,10.00132,,2026-03-02 09:28:02.687594-07,NULL,active,2026-03-02 09:28:02.687594-07,2026-03-15 21:47:14.853706-06
747,ghana,ghana,Ghanaian Times,https://ghanaiantimes.com.gh/feed/,ghanaiantimes.com.gh,rss,en,Accra,ghana,True,5.55711,-0.20124,,2026-03-02 09:28:02.687594-07,NULL,active,2026-03-02 09:28:02.687594-07,2026-03-15 21:47:14.853706-06
1,global,global,Associated Press,https://feedx.net/rss/ap.xml,feedx.net,rss,en,New York,USA,True,40.71273,-74.00602,,2026-03-02 09:28:02.687594-07,NULL,active,2026-03-02 09:28:02.687594-07,2026-03-15 21:47:14.853706-06
2,global,global,Reuters,https://www.youtube.com/feeds/videos.xml?channel_id=UChqUTb7kYRX8-EiaN3XFrSQ,youtube.com,rss,en,London,UK,True,51.50745,-0.12777,,2026-03-02 09:28:02.687594-07,NULL,active,2026-03-02 09:28:02.687594-07,2026-03-15 21:47:14.853706-06
3,global,global,The Guardian International,https://www.theguardian.com/international/rss,theguardian.com,rss,en,London,UK,True,51.50745,-0.12777,,2026-03-02 09:28:02.687594-07,NULL,active,2026-03-02 09:28:02.687594-07,2026-03-15 21:47:14.853706-06
4,global,global,CNN International,http://rss.cnn.com/rss/edition.rss,rss.cnn.com,rss,en,Atlanta,USA,True,33.75447,-84.38982,,2026-03-02 09:28:02.687594-07,NULL,active,2026-03-02 09:28:02.687594-07,2026-03-15 21:47:14.853706-06
5,global,global,BBC World News,https://feeds.skynews.com/feeds/rss/world.xml,feeds.skynews.com,rss,en,London,UK,True,51.50745,-0.12777,,2026-03-02 09:28:02.687594-07,NULL,active,2026-03-02 09:28:02.687594-07,2026-03-15 21:47:14.853706-06
6,global,global,Al Jazeera English,https://www.aljazeera.com/xml/rss/all.xml,aljazeera.com,rss,en,Doha,Qatar,True,25.31088,51.50818,,2026-03-02 09:28:02.687594-07,NULL,active,2026-03-02 09:28:02.687594-07,2026-03-15 21:47:14.853706-06
7,global,global,NYT World News,https://rss.nytimes.com/services/xml/rss/nyt/World.xml,rss.nytimes.com,rss,en,New York,USA,True,40.71273,-74.00602,,2026-03-02 09:28:02.687594-07,NULL,active,2026-03-02 09:28:02.687594-07,2026-03-15 21:47:14.853706-06
8,global,global,WSJ World News,https://feeds.content.dowjones.io/public/rss/RSSWorldNews,feeds.content.dowjones.io,rss,en,New York,USA,True,40.71273,-74.00602,,2026-03-02 09:28:02.687594-07,NULL,active,2026-03-02 09:28:02.687594-07,2026-03-15 21:47:14.853706-06
9,global,global,NPR,https://feeds.npr.org/1002/rss.xml,feeds.npr.org,rss,en,Washington DC,USA,True,38.89504,-77.03654,,2026-03-02 09:28:02.687594-07,NULL,active,2026-03-02 09:28:02.687594-07,2026-03-15 21:47:14.853706-06
10,global,global,Axios,https://api.axios.com/feed/,api.axios.com,rss,en,Washington DC,USA,True,38.89504,-77.03654,,2026-03-02 09:28:02.687594-07,NULL,active,2026-03-02 09:28:02.687594-07,2026-03-15 21:47:14.853706-06
11,global,global,The Atlantic,https://www.theatlantic.com/feed/all/,theatlantic.com,rss,en,Washington DC,USA,True,38.89504,-77.03654,,2026-03-02 09:28:02.687594-07,NULL,active,2026-03-02 09:28:02.687594-07,2026-03-15 21:47:14.853706-06
12,global,global,Bloomberg Markets,https://feeds.bloomberg.com/markets/news.rss,feeds.bloomberg.com,rss,en,New York,USA,True,40.71273,-74.00602,,2026-03-02 09:28:02.687594-07,NULL,active,2026-03-02 09:28:02.687594-07,2026-03-15 21:47:14.853706-06
13,global,global,UPI World News,https://rss.upi.com/news/news.rss,rss.upi.com,rss,en,Washington DC,USA,True,38.89504,-77.03654,,2026-03-02 09:28:02.687594-07,NULL,active,2026-03-02 09:28:02.687594-07,2026-03-15 21:47:14.853706-06
14,global,global,France24 English,https://www.france24.com/en/rss,france24.com,rss,en,Paris,France,True,48.85889,2.32004,,2026-03-02 09:28:02.687594-07,NULL,active,2026-03-02 09:28:02.687594-07,2026-03-15 21:47:14.853706-06
15,global,global,DW News,https://rss.dw.com/xml/rss-en-all,rss.dw.com,rss,en,Bonn,Germany,True,50.73526,7.10246,,2026-03-02 09:28:02.687594-07,NULL,active,2026-03-02 09:28:02.687594-07,2026-03-15 21:47:14.853706-06
16,global,global,ABC Australia,https://www.abc.net.au/news/feed/51120/rss.xml,abc.net.au,rss,en,Sydney,Australia,True,-33.86984,151.20828,,2026-03-02 09:28:02.687594-07,NULL,active,2026-03-02 09:28:02.687594-07,2026-03-15 21:47:14.853706-06
17,global,global,CGTN,https://www.cgtn.com/subscribe/rss/section/world.xml,cgtn.com,rss,en,Beijing,China,True,39.90571,116.3913,,2026-03-02 09:28:02.687594-07,NULL,active,2026-03-02 09:28:02.687594-07,2026-03-15 21:47:14.853706-06
18,global,global,RT International,https://www.rt.com/rss/news/,rt.com,rss,en,Moscow,Russia,True,55.62558,37.60639,,2026-03-02 09:28:02.687594-07,NULL,active,2026-03-02 09:28:02.687594-07,2026-03-15 21:47:14.853706-06
19,global,global,Global Press Journal,https://globalpressjournal.com/feed/,globalpressjournal.com,rss,en,Unknown,Global,True,NULL,NULL,,2026-03-02 09:28:02.687594-07,NULL,active,2026-03-02 09:28:02.687594-07,2026-03-15 21:47:14.853706-06
20,global,global,Time News,https://feeds.feedburner.com/time/world,feeds.feedburner.com,rss,en,New York City,USA,True,40.71273,-74.00602,,2026-03-02 09:28:02.687594-07,NULL,active,2026-03-02 09:28:02.687594-07,2026-03-15 21:47:14.853706-06
21,global,global,IPS News,https://www.ipsnews.net/news/regional-categories/global/feed/,ipsnews.net,rss,en,Unknown,Global,True,NULL,NULL,,2026-03-02 09:28:02.687594-07,NULL,active,2026-03-02 09:28:02.687594-07,2026-03-15 21:47:14.853706-06
22,global,global,Scripps News,https://www.scrippsnews.com/world.rss,scrippsnews.com,rss,en,Unknown,USA,True,NULL,NULL,,2026-03-02 09:28:02.687594-07,NULL,active,2026-03-02 09:28:02.687594-07,2026-03-15 21:47:14.853706-06
765,greece,greece,eKathimerini.com,https://www.ekathimerini.com/feed/atom/,ekathimerini.com,rss,en,Athens,greece,True,37.97556,23.73483,,2026-03-02 09:28:02.687594-07,NULL,active,2026-03-02 09:28:02.687594-07,2026-03-15 21:47:14.853706-06
782,grenada,grenada,NOW Grenada,https://nowgrenada.com/feed/,nowgrenada.com,rss,en,St. George's,grenada,True,12.05353,-61.7518,,2026-03-02 09:28:02.687594-07,NULL,active,2026-03-02 09:28:02.687594-07,2026-03-15 21:47:14.853706-06
id,group_key,group_label,name,url,domain,feed_type,language,city,country,enabled,lat,lon,description,discovered_at,last_probed,probe_status,created_at,updated_at
792,guatemala,guatemala,Prensa Libre,https://www.prensalibre.com/feed/,prensalibre.com,rss,es,Guatemala City,guatemala,True,14.64161,-90.51328,,2026-03-02 09:28:02.687594-07,NULL,active,2026-03-02 09:28:02.687594-07,2026-03-15 21:47:14.853706-06
806,guinea,guinea,Guineematin.com,https://guineematin.com/feed/,guineematin.com,rss,fr,Conakry,guinea,True,9.51706,-13.69984,,2026-03-02 09:28:02.687594-07,NULL,active,2026-03-02 09:28:02.687594-07,2026-03-15 21:47:14.853706-06
824,guinea_bissau,guinea_bissau,Agência de Notícias da Guiné (ANG),https://ang.gw/feed/,ang.gw,rss,pt,Bissau,guinea_bissau,True,11.86132,-15.58305,,2026-03-02 09:28:02.687594-07,NULL,active,2026-03-02 09:28:02.687594-07,2026-03-15 21:47:14.853706-06
830,guyana,guyana,Stabroek News,https://www.stabroeknews.com/feed/,stabroeknews.com,rss,en,Georgetown,guyana,True,6.80326,-58.14554,,2026-03-02 09:28:02.687594-07,NULL,active,2026-03-02 09:28:02.687594-07,2026-03-15 21:47:14.853706-06
838,haiti,haiti,HaitiLibre.com,https://www.haitilibre.com/rss-dossiers.php,haitilibre.com,rss,fr,Port-au-Prince,haiti,True,18.54733,-72.33959,,2026-03-02 09:28:02.687594-07,NULL,active,2026-03-02 09:28:02.687594-07,2026-03-15 21:47:14.853706-06
852,honduras,honduras,Proceso Digital,https://proceso.hn/feed/,proceso.hn,rss,es,Tegucigalpa,honduras,True,14.10581,-87.20471,,2026-03-02 09:28:02.687594-07,NULL,active,2026-03-02 09:28:02.687594-07,2026-03-15 21:47:14.853706-06
2975,hong_kong,hong_kong,i-CABLE News,https://www.i-cable.com/feed,i-cable.com,rss,zh,Hong Kong,hong_kong,True,22.2793,114.16289,,2026-03-15 12:10:55.314219-06,NULL,active,2026-03-15 12:10:55.314219-06,2026-03-15 21:47:14.853706-06
857,hungary,hungary,The Budapest Times,https://www.budapesttimes.hu/feed/,budapesttimes.hu,rss,en,Budapest,hungary,True,47.48139,19.14577,,2026-03-02 09:28:02.687594-07,NULL,active,2026-03-02 09:28:02.687594-07,2026-03-15 21:47:14.853706-06
897,iceland,iceland,Sunnlenska.is,https://www.sunnlenska.is/feed/,sunnlenska.is,rss,is,Selfoss,iceland,True,63.93681,-21.00353,,2026-03-02 09:28:02.687594-07,NULL,active,2026-03-02 09:28:02.687594-07,2026-03-15 21:47:14.853706-06
900,india,india,Times of India,https://timesofindia.indiatimes.com/rssfeedstopstories.cms,timesofindia.indiatimes.com,rss,en,Mumbai,India,True,19.055,72.8692,,2026-03-02 09:28:02.687594-07,NULL,active,2026-03-02 09:28:02.687594-07,2026-03-15 21:47:14.853706-06
937,indonesia,indonesia,ANTARA News,https://www.antaranews.com/rss/terkini,antaranews.com,rss,id,Jakarta,indonesia,True,-6.1754,106.82717,,2026-03-02 09:28:02.687594-07,NULL,active,2026-03-02 09:28:02.687594-07,2026-03-15 21:47:14.853706-06
947,iran,iran,Entekhab.ir,https://www.entekhab.ir/fa/rss/allnews,entekhab.ir,rss,fa,Terhan,Iran,True,40.25469,33.00326,,2026-03-02 09:28:02.687594-07,NULL,active,2026-03-02 09:28:02.687594-07,2026-03-15 21:47:14.853706-06
3959,iraq,iraq,Al-Sabah Al-Jadeed,https://newsabah.com/feed,newsabah.com,rss,ar,Baghdad,iraq,True,33.30617,44.38722,,2026-03-24 16:26:41.28515-06,NULL,active,2026-03-24 16:26:41.28515-06,2026-03-24 16:26:41.28515-06
961,ireland,ireland,IE News,https://feeds.breakingnews.ie/bnworld,feeds.breakingnews.ie,rss,en,Dublin,Ireland,True,53.34938,-6.26056,,2026-03-02 09:28:02.687594-07,NULL,active,2026-03-02 09:28:02.687594-07,2026-03-15 21:47:14.853706-06
2200,israel,israel,Arutz Sheva (Israel National News),https://www.israelnationalnews.com/Rss.aspx,israelnationalnews.com,rss,en,Jerusalem,israel,True,31.77885,35.22579,,2026-03-03 11:29:14.194599-07,NULL,active,2026-03-03 11:29:14.194599-07,2026-03-15 21:47:14.853706-06
3221,italy,Italy,Corriere della Sera,https://www.corriere.it/rss/homepage.xml,corriere.it,rss,it,Milan,Italy,True,45.46419,9.18963,NULL,2026-03-15 20:03:36.440678-06,NULL,active,2026-03-15 20:03:36.440678-06,2026-03-15 21:47:14.853706-06
2578,jamaica,jamaica,McKoysNews,https://mckoysnews.com/feed/atom/,mckoysnews.com,rss,en,Kingston,jamaica,True,17.97121,-76.79281,NULL,2026-03-15 11:16:55.724636-06,NULL,active,2026-03-15 11:16:55.724636-06,2026-03-15 21:47:14.853706-06
995,japan,japan,Japan Times,https://www.japantimes.co.jp/feed/,japantimes.co.jp,rss,en,Tokyo,Japan,True,35.67686,139.76389,,2026-03-02 09:28:02.687594-07,NULL,active,2026-03-02 09:28:02.687594-07,2026-03-15 21:47:14.853706-06
3457,jordan,jordan,Ammon News,https://ammonnews.net/rss.php?type=news&id=16,ammonnews.net,rss,ar,Amman,jordan,True,31.95157,35.92396,NULL,2026-03-15 21:08:30.323183-06,NULL,active,2026-03-15 21:08:30.323183-06,2026-03-15 21:47:14.853706-06
3232,kazakhstan,Kazakhstan,The Astana Times,https://astanatimes.com/feed/,astanatimes.com,rss,en,Nur‑Sultan,Kazakhstan,True,51.12822,71.43067,NULL,2026-03-15 20:06:45.60849-06,NULL,active,2026-03-15 20:06:45.60849-06,2026-03-15 21:47:14.853706-06
3174,kenya,Kenya,Citizen TV,https://citizen.digital/feed.xml,citizen.digital,rss,engli,Nairobi,Kenya,True,-1.289,36.81728,NULL,2026-03-15 19:37:19.43376-06,NULL,active,2026-03-15 19:37:19.43376-06,2026-03-15 21:47:14.853706-06
1026,kuwait,kuwait,Times Kuwait,https://timeskuwait.com/feed/,timeskuwait.com,rss,en,Kuwait City,kuwait,True,29.37965,47.97342,,2026-03-02 09:28:02.687594-07,NULL,active,2026-03-02 09:28:02.687594-07,2026-03-15 21:47:14.853706-06
2363,kyrgyzstan,kyrgyzstan,Vesti.kg,https://vesti.kg/?format=feed&type=rss,vesti.kg,rss,ru,Bishkek,kyrgyzstan,True,42.87614,74.60367,,2026-03-03 12:20:18.526532-07,NULL,active,2026-03-03 12:20:18.526532-07,2026-03-15 21:47:14.853706-06
1042,latvia,latvia,Meduza,https://meduza.io/rss/en/all,meduza.io,rss,en,Riga,Latvia,True,56.9494,24.10518,,2026-03-02 09:28:02.687594-07,NULL,active,2026-03-02 09:28:02.687594-07,2026-03-15 21:47:14.853706-06
3975,lebanon,lebanon,The961,https://the961.com/feed/,the961.com,rss,en,Beirut,lebanon,True,33.88923,35.50256,,2026-03-24 17:18:46.399837-06,NULL,active,2026-03-24 17:18:46.399837-06,2026-03-24 17:18:46.399837-06
3263,lesotho,Lesotho,Lesotho Times,https://lestimes.com/?feed=rss2,lestimes.com,rss,en,Maseru,Lesotho,True,-29.31005,27.47822,NULL,2026-03-15 20:12:18.505577-06,NULL,active,2026-03-15 20:12:18.505577-06,2026-03-15 21:47:14.853706-06
2624,libya,libya,Libya Al-Ahrar,https://libyaalahrar.tv/feed/atom/,libyaalahrar.tv,rss,ar,"Benghazi, Tripoli",libya,True,32.89096,13.17699,NULL,2026-03-15 11:16:55.839498-06,NULL,active,2026-03-15 11:16:55.839498-06,2026-03-15 21:47:14.853706-06
1091,lithuania,lithuania,Lrytas.lt,https://www.lrytas.lt/rss,lrytas.lt,rss,lt,Vilnius,lithuania,True,54.68705,25.28291,,2026-03-02 09:28:02.687594-07,NULL,active,2026-03-02 09:28:02.687594-07,2026-03-15 21:47:14.853706-06
3165,luxembourg,Luxembourg,Lëtzebuerger Gemengen,https://gemengen.lu/web/feed/,gemengen.lu,rss,de,Luxembourg City,Luxembourg,True,49.59834,6.13348,NULL,2026-03-15 19:10:04.170898-06,NULL,active,2026-03-15 19:10:04.170898-06,2026-03-15 21:47:14.853706-06
1112,madagascar,madagascar,Midi Madagasikara,https://midi-madagasikara.mg/feed/,midi-madagasikara.mg,rss,fr,Antananarivo,madagascar,True,-18.91001,47.52558,,2026-03-02 09:28:02.687594-07,NULL,active,2026-03-02 09:28:02.687594-07,2026-03-15 21:47:14.853706-06
1135,malawi,malawi,Maravi Express,https://www.maraviexpress.com/english/feed/,maraviexpress.com,rss,en,Blantyre,malawi,True,-15.78625,35.00357,,2026-03-02 09:28:02.687594-07,NULL,active,2026-03-02 09:28:02.687594-07,2026-03-15 21:47:14.853706-06
1141,malaysia,malaysia,Malay Mail,https://www.malaymail.com/feed/rss,malaymail.com,rss,en,Kuala Lumpur,malaysia,True,3.1517,101.69424,,2026-03-02 09:28:02.687594-07,NULL,active,2026-03-02 09:28:02.687594-07,2026-03-15 21:47:14.853706-06
2628,mali,mali,MaliActu.net,https://maliactu.net/english/feed/,maliactu.net,rss,fr,Bamako,mali,True,12.64932,-8.00034,NULL,2026-03-15 11:16:55.852196-06,NULL,active,2026-03-15 11:16:55.852196-06,2026-03-15 21:47:14.853706-06
1168,malta,malta,Times of Malta,https://rss.timesofmalta.com/,rss.timesofmalta.com,rss,en,Birkirkara,malta,True,35.89946,14.46496,,2026-03-02 09:28:02.687594-07,NULL,active,2026-03-02 09:28:02.687594-07,2026-03-15 21:47:14.853706-06
1189,mauritania,mauritania,AMI (Agence Mauritanienne d'Information),https://ami.mr/en/feed,ami.mr,rss,ar,Nouakchott,mauritania,True,18.07924,-15.97801,,2026-03-02 09:28:02.687594-07,NULL,active,2026-03-02 09:28:02.687594-07,2026-03-15 21:47:14.853706-06
1195,mexico,mexico,Mexico News Daily,https://mexiconewsdaily.com/feed/,mexiconewsdaily.com,rss,en,Mexico City,Mexico,True,19.32077,-99.15147,,2026-03-02 09:28:02.687594-07,NULL,active,2026-03-02 09:28:02.687594-07,2026-03-15 21:47:14.853706-06
3288,micronesia,Micronesia,Kosrae State News,https://kosrae.gov.fm/feed/atom/,kosrae.gov.fm,rss,en,"Tofol, Kosrae",Micronesia,True,5.32602,163.00872,NULL,2026-03-15 20:19:36.421682-06,NULL,active,2026-03-15 20:19:36.421682-06,2026-03-15 21:47:14.853706-06
1217,moldova,moldova,NewsMaker,https://newsmaker.md/feed,newsmaker.md,rss,ru,Chișinău,moldova,True,47.02451,28.83229,,2026-03-02 09:28:02.687594-07,NULL,active,2026-03-02 09:28:02.687594-07,2026-03-15 21:47:14.853706-06
1234,mongolia,mongolia,News.MN,https://news.mn/en/feed/,news.mn,rss,mn,Ulaanbaatar,mongolia,True,47.91847,106.9177,,2026-03-02 09:28:02.687594-07,NULL,active,2026-03-02 09:28:02.687594-07,2026-03-15 21:47:14.853706-06
1246,montenegro,montenegro,Vijesti,https://www.vijesti.me/rss,vijesti.me,rss,cnr,Podgorica,montenegro,True,42.44152,19.26211,,2026-03-02 09:28:02.687594-07,NULL,active,2026-03-02 09:28:02.687594-07,2026-03-15 21:47:14.853706-06
2314,morocco,morocco,NadorCity.Com,https://www.nadorcity.com/xml/syndication.rss,nadorcity.com,rss,ar,Nador,morocco,True,35.17399,-2.92812,,2026-03-03 12:12:15.600786-07,NULL,active,2026-03-03 12:12:15.600786-07,2026-03-15 21:47:14.853706-06
1262,mozambique,mozambique,O País,https://opais.co.mz/feed/,opais.co.mz,rss,pt,Maputo,mozambique,True,-25.96621,32.56745,,2026-03-02 09:28:02.687594-07,NULL,active,2026-03-02 09:28:02.687594-07,2026-03-15 21:47:14.853706-06
3952,myanmar,myanmar,Kachin News Group,https://kachinnews.com/feed/,kachinnews.com,rss,kac,Exile,myanmar,True,44.69913,-92.16573,,2026-03-24 16:22:28.063704-06,NULL,active,2026-03-24 16:22:28.063704-06,2026-03-24 16:22:28.063704-06
1286,namibia,namibia,The Namibian,https://www.namibian.com.na/feed/,namibian.com.na,rss,en,Windhoek,namibia,True,-22.53356,17.04548,,2026-03-02 09:28:02.687594-07,NULL,active,2026-03-02 09:28:02.687594-07,2026-03-15 21:47:14.853706-06
2632,netherlands,netherlands,Het Financieele Dagblad,https://fd.nl/?rss,fd.nl,rss,nl,Amsterdam,netherlands,True,52.37308,4.89245,NULL,2026-03-15 11:16:55.866102-06,NULL,active,2026-03-15 11:16:55.866102-06,2026-03-15 21:47:14.853706-06
1313,new_zealand,new_zealand,Stuff NZ,https://www.stuff.co.nz/rss,stuff.co.nz,rss,en,Wellington,New Zealand,True,-41.2888,174.77721,,2026-03-02 09:28:02.687594-07,NULL,active,2026-03-02 09:28:02.687594-07,2026-03-15 21:47:14.853706-06
1314,new_zealand,new_zealand,RNZ,https://www.rnz.co.nz/rss/national.xml,rnz.co.nz,rss,en,Wellington,New Zealand,True,-41.2888,174.77721,,2026-03-02 09:28:02.687594-07,NULL,active,2026-03-02 09:28:02.687594-07,2026-03-15 21:47:14.853706-06
1315,nicaragua,nicaragua,Confidencial,https://confidencial.digital/feed/,confidencial.digital,rss,es,Managua,nicaragua,True,12.15471,-86.27372,,2026-03-02 09:28:02.687594-07,NULL,active,2026-03-02 09:28:02.687594-07,2026-03-15 21:47:14.853706-06
1338,niger,niger,Tamtaminfo,https://tamtaminfo.com/comments/feed/,tamtaminfo.com,rss,fr,Niamey,niger,True,13.52483,2.10982,,2026-03-02 09:28:02.687594-07,NULL,active,2026-03-02 09:28:02.687594-07,2026-03-15 21:47:14.853706-06
1350,nigeria,nigeria,Sahara Reporters,http://saharareporters.com/rss.xml,saharareporters.com,rss,en,Lagos,Nigeria,True,6.45506,3.39418,,2026-03-02 09:28:02.687594-07,NULL,active,2026-03-02 09:28:02.687594-07,2026-03-15 21:47:14.853706-06
3931,north_korea,north_korea,Choson Sinbo,https://chosonsinbo.com/feed/,chosonsinbo.com,rss,ko,Tokyo,north_korea,True,51.22184,6.78718,,2026-03-24 16:20:25.246127-06,NULL,active,2026-03-24 16:20:25.246127-06,2026-03-24 16:20:25.246127-06
3306,north_macedonia,North Macedonia,Nova Makedonija,https://novamakedonija.com.mk/feed/,novamakedonija.com.mk,rss,en,Skopje,North Macedonia,True,41.99618,21.43192,NULL,2026-03-15 20:22:18.882838-06,NULL,active,2026-03-15 20:22:18.882838-06,2026-03-15 21:47:14.853706-06
1369,norway,norway,The Local Norway,https://feeds.thelocal.com/rss/builder/no,feeds.thelocal.com,rss,en,Oslo,norway,True,59.91333,10.73897,,2026-03-02 09:28:02.687594-07,NULL,active,2026-03-02 09:28:02.687594-07,2026-03-15 21:47:14.853706-06
1377,oman,oman,Times of Oman,https://timesofoman.com/feed,timesofoman.com,rss,en,Muscat,oman,True,23.61236,58.59381,,2026-03-02 09:28:02.687594-07,NULL,active,2026-03-02 09:28:02.687594-07,2026-03-15 21:47:14.853706-06
1393,panama,panama,Panamá América,https://www.panamaamerica.com.pa/rss.xml,panamaamerica.com.pa,rss,es,Panama City,panama,True,8.97145,-79.53418,,2026-03-02 09:28:02.687594-07,NULL,active,2026-03-02 09:28:02.687594-07,2026-03-15 21:47:14.853706-06
1412,papua_new_guinea,papua_new_guinea,Inside PNG,https://insidepng.com/feed/,insidepng.com,rss,en,Port Moresby,papua_new_guinea,True,-9.47433,147.15995,,2026-03-02 09:28:02.687594-07,NULL,active,2026-03-02 09:28:02.687594-07,2026-03-15 21:47:14.853706-06
1418,paraguay,paraguay,Diario Popular,https://www.popular.com.py/feed/atom/,popular.com.py,rss,es,Asunción,paraguay,True,-25.28005,-57.63438,,2026-03-02 09:28:02.687594-07,NULL,active,2026-03-02 09:28:02.687594-07,2026-03-15 21:47:14.853706-06
3735,peru,Peru,RPP Noticias,https://rpp.pe/rss,rpp.pe,rss,es,Lima,Peru,True,-12.04598,-77.03059,NULL,2026-03-15 21:37:16.52278-06,NULL,active,2026-03-15 21:37:16.52278-06,2026-03-15 21:47:14.853706-06
1443,philippines,philippines,Rappler,https://www.rappler.com/feed/,rappler.com,rss,en,Pasig City,Philippines,True,14.56052,121.07643,,2026-03-02 09:28:02.687594-07,NULL,active,2026-03-02 09:28:02.687594-07,2026-03-15 21:47:14.853706-06
3755,poland,Poland,Rzeczpospolita,https://www.rp.pl/rss_main,rp.pl,rss,pl,Warsaw,Poland,True,52.23337,21.07115,NULL,2026-03-15 21:44:27.65768-06,NULL,active,2026-03-15 21:44:27.65768-06,2026-03-15 21:47:14.853706-06
1462,portugal,portugal,Diário de Notícias,https://www.dn.pt/stories.rss,dn.pt,rss,pt,Lisbon,portugal,True,38.70775,-9.13659,,2026-03-02 09:28:02.687594-07,NULL,active,2026-03-02 09:28:02.687594-07,2026-03-15 21:47:14.853706-06
3886,qatar,qatar,Siraj Daily,https://www.sirajlive.com/feed,sirajlive.com,rss,ml,Doha,qatar,True,25.31088,51.50818,,2026-03-24 15:42:20.515142-06,NULL,active,2026-03-24 15:42:20.515142-06,2026-03-24 15:42:20.515142-06
1492,romania,romania,HotNews.ro,https://hotnews.ro/feed,hotnews.ro,rss,ro,Bucharest,romania,True,44.43614,26.10268,,2026-03-02 09:28:02.687594-07,NULL,active,2026-03-02 09:28:02.687594-07,2026-03-15 21:47:14.853706-06
3465,russia,russia,Izvestia,https://iz.ru/rss.xml,iz.ru,rss,ru,Moscow,russia,True,55.62558,37.60639,NULL,2026-03-15 21:08:30.356527-06,NULL,active,2026-03-15 21:08:30.356527-06,2026-03-15 21:47:14.853706-06
1516,rwanda,rwanda,Imvaho Nshya,https://imvahonshya.co.rw/feed/,imvahonshya.co.rw,rss,rw,Kigali,rwanda,True,-1.95344,30.11401,,2026-03-02 09:28:02.687594-07,NULL,active,2026-03-02 09:28:02.687594-07,2026-03-15 21:47:14.853706-06
2781,saint_kitts_and_nevis,saint_kitts_and_nevis,Voice of Nevis (VON Radio),https://vonradio.com/feed/,vonradio.com,rss,en,Charlestown,saint_kitts_and_nevis,True,17.1394,-62.62162,,2026-03-15 11:30:05.246069-06,NULL,active,2026-03-15 11:30:05.246069-06,2026-03-15 21:47:14.853706-06
2790,saint_lucia,saint_lucia,St Lucia News Online,https://www.stlucianewsonline.com/feed/,stlucianewsonline.com,rss,en,Gros Islet,saint_lucia,True,14.08013,-60.9525,,2026-03-15 11:33:24.123625-06,NULL,active,2026-03-15 11:33:24.123625-06,2026-03-15 21:47:14.853706-06
2811,saint_vincent_and_the_grenadines,saint_vincent_and_the_grenadines,Xtreme FM 104.3,https://x104fm.com/feed/,x104fm.com,rss,en,Kingstown,saint_vincent_and_the_grenadines,True,13.15619,-61.22796,,2026-03-15 11:35:10.960135-06,NULL,active,2026-03-15 11:35:10.960135-06,2026-03-15 21:47:14.853706-06
2822,samoa,samoa,Talamua Online News,https://talamua.com/?feed=rss2,talamua.com,rss,en,Apia,samoa,True,-13.83452,-171.7631,,2026-03-15 11:38:04.407269-06,NULL,active,2026-03-15 11:38:04.407269-06,2026-03-15 21:47:14.853706-06
2832,san_marino,san_marino,San Marino Live News,https://www.sanmarinolivenews.com/feed/,sanmarinolivenews.com,rss,it,City of San Marino,san_marino,True,43.9364,12.4467,,2026-03-15 11:40:10.109082-06,NULL,active,2026-03-15 11:40:10.109082-06,2026-03-15 21:47:14.853706-06
2836,sao_tome_and_principe,sao_tome_and_principe,Téla Nón,https://www.telanon.info/feed/,telanon.info,rss,pt,São Tomé,sao_tome_and_principe,True,0.33892,6.7313,,2026-03-15 11:42:15.210481-06,NULL,active,2026-03-15 11:42:15.210481-06,2026-03-15 21:47:14.853706-06
3879,saudi_arabia,saudi_arabia,Ajel,https://ajel.sa/stories.rss,ajel.sa,rss,ar,Riyadh,saudi_arabia,True,23.33333,45.33333,,2026-03-24 15:29:40.758053-06,NULL,active,2026-03-24 15:29:40.758053-06,2026-03-24 15:29:40.758053-06
1543,senegal,senegal,Rewmi.com,https://www.rewmi.com/feed/,rewmi.com,rss,fr,Dakar,senegal,True,14.69342,-17.44794,,2026-03-02 09:28:02.687594-07,NULL,active,2026-03-02 09:28:02.687594-07,2026-03-15 21:47:14.853706-06
3650,serbia,Serbia,B92,https://www.b92.net/rss/latest,b92.net,rss,en,Belgrade,Serbia,True,44.81533,20.44566,NULL,2026-03-15 21:35:20.293235-06,NULL,active,2026-03-15 21:35:20.293235-06,2026-03-15 21:59:16.295124-06
1547,sierra_leone,sierra_leone,The Calabash Newspaper,https://thecalabashnewspaper.com/feed/,thecalabashnewspaper.com,rss,en,Freetown,sierra_leone,True,8.479,-13.26795,,2026-03-02 09:28:02.687594-07,NULL,active,2026-03-02 09:28:02.687594-07,2026-03-15 21:47:14.853706-06
2690,singapore,singapore,8world News,https://www.8world.com/api/v1/rss-outbound-feed?_format=xml&category=191,8world.com,rss,zh,Singapore,singapore,True,1.35711,103.8195,NULL,2026-03-15 11:16:55.998994-06,NULL,active,2026-03-15 11:16:55.998994-06,2026-03-15 21:47:14.853706-06
3316,slovakia,Slovakia,Sme,https://www.sme.sk/rss,sme.sk,rss,en,Bratislava,Slovakia,True,48.15592,17.13135,NULL,2026-03-15 20:25:42.69475-06,NULL,active,2026-03-15 20:25:42.69475-06,2026-03-15 21:47:14.853706-06
3342,slovenia,Slovenia,24ur.com,https://www.24ur.com/rss,24ur.com,rss,en,Ljubljana,Slovenia,True,46.05003,14.50693,NULL,2026-03-15 20:26:47.61079-06,NULL,active,2026-03-15 20:26:47.61079-06,2026-03-15 21:47:14.853706-06
1576,somalia,somalia,Hiiraan Online,https://hiiraan.com/rss.xml,hiiraan.com,rss,so,Mogadishu,somalia,True,2.03493,45.34192,,2026-03-02 09:28:02.687594-07,NULL,active,2026-03-02 09:28:02.687594-07,2026-03-15 21:47:14.853706-06
2692,south_africa,south_africa,GroundUp,https://groundup.org.za/sitenews/rss/,groundup.org.za,rss,en,Cape Town,south_africa,True,-33.92883,18.41722,NULL,2026-03-15 11:16:56.007074-06,NULL,active,2026-03-15 11:16:56.007074-06,2026-03-15 21:47:14.853706-06
1604,south_korea,south_korea,NK News,https://www.nknews.org/feed/,nknews.org,rss,en,Seoul,South Korea,True,37.56668,126.97829,,2026-03-02 09:28:02.687594-07,NULL,active,2026-03-02 09:28:02.687594-07,2026-03-15 21:47:14.853706-06
1615,south_sudan,south_sudan,Nyamilepedia,https://www.nyamile.com/comments/feed/,nyamile.com,rss,en,Juba,south_sudan,True,4.84592,31.59592,,2026-03-02 09:28:02.687594-07,NULL,active,2026-03-02 09:28:02.687594-07,2026-03-15 21:47:14.853706-06
1620,spain,spain,El Pais English,https://feeds.elpais.com/mrss-s/pages/ep/site/english.elpais.com/portada,feeds.elpais.com,rss,en,Madrid,Spain,True,40.41678,-3.70351,,2026-03-02 09:28:02.687594-07,NULL,active,2026-03-02 09:28:02.687594-07,2026-03-15 21:47:14.853706-06
2739,sri_lanka,sri_lanka,Lanka Business Online,https://www.lankabusinessonline.com/english/feed/,lankabusinessonline.com,rss,en,Colombo,sri_lanka,True,6.93886,79.8542,NULL,2026-03-15 11:16:56.116575-06,NULL,active,2026-03-15 11:16:56.116575-06,2026-03-15 21:47:14.853706-06
1662,sudan,sudan,Dabanga,https://www.dabangasudan.org/feed,dabangasudan.org,rss,en,Khartoum,sudan,True,15.5636,32.53491,,2026-03-02 09:28:02.687594-07,NULL,active,2026-03-02 09:28:02.687594-07,2026-03-15 21:47:14.853706-06
1687,suriname,suriname,STVS (Surinaamse Televisie Stichting),https://stvs.sr/comments/feed/,stvs.sr,rss,nl,Paramaribo,suriname,True,5.82418,-55.16628,,2026-03-02 09:28:02.687594-07,NULL,active,2026-03-02 09:28:02.687594-07,2026-03-15 21:47:14.853706-06
1694,sweden,sweden,Dagens Nyheter,https://www.dn.se/rss/,dn.se,rss,sv,Stockholm,sweden,True,59.32512,18.07109,,2026-03-02 09:28:02.687594-07,NULL,active,2026-03-02 09:28:02.687594-07,2026-03-15 21:47:14.853706-06
3542,switzerland,switzerland,Neue Zürcher Zeitung (NZZ),https://www.nzz.ch/mobilitaet/auto-mobil.rss,nzz.ch,rss,de,Zurich,switzerland,True,47.37445,8.54104,NULL,2026-03-15 21:08:30.504741-06,NULL,active,2026-03-15 21:08:30.504741-06,2026-03-15 21:47:14.853706-06
1736,syria,syria,Syria Direct,https://syriadirect.org/feed/,syriadirect.org,rss,en,Damascus,Syria,True,33.51307,36.30958,,2026-03-02 09:28:02.687594-07,NULL,active,2026-03-02 09:28:02.687594-07,2026-03-15 21:47:14.853706-06
2335,taiwan,taiwan,Mandarin Daily News,https://www.mdnkids.com/rss/,mdnkids.com,rss,zh,Taipei,taiwan,True,25.03752,121.56368,,2026-03-03 12:14:17.189612-07,NULL,active,2026-03-03 12:14:17.189612-07,2026-03-15 21:47:14.853706-06
1752,tajikistan,tajikistan,Khovar,https://khovar.tj/feed/,khovar.tj,rss,tg,Dushanbe,tajikistan,True,38.57627,68.78636,,2026-03-02 09:28:02.687594-07,NULL,active,2026-03-02 09:28:02.687594-07,2026-03-15 21:47:14.853706-06
3033,tanzania,tanzania,Star TV Tanzania,https://startv.co.tz/feed/,startv.co.tz,rss,sw,Mwanza,tanzania,True,-2.51969,32.90144,,2026-03-15 12:19:14.267415-06,NULL,active,2026-03-15 12:19:14.267415-06,2026-03-15 21:47:14.853706-06
1766,thailand,thailand,Bangkok Post,https://www.bangkokpost.com/rss/data/topstories.xml,bangkokpost.com,rss,en,Bangkok,Thailand,True,13.75249,100.49351,,2026-03-02 09:28:02.687594-07,NULL,active,2026-03-02 09:28:02.687594-07,2026-03-15 21:47:14.853706-06
3347,timor_leste,Timor-Leste,The Dili Weekly,https://thediliweekly.com/feed/,thediliweekly.com,rss,en,Dili,Timor-Leste,True,-8.55368,125.57841,NULL,2026-03-15 20:29:15.300074-06,NULL,active,2026-03-15 20:29:15.300074-06,2026-03-15 21:47:14.853706-06
3357,togo,Togo,Togo‑Presse,https://togopresse.tg/feed/,togopresse.tg,rss,fr,Lomé,Togo,True,6.13042,1.21583,NULL,2026-03-15 20:32:23.253089-06,NULL,active,2026-03-15 20:32:23.253089-06,2026-03-15 21:47:14.853706-06
3368,tonga,Tonga,Matangi Tonga,https://matangitonga.to/rss.xml,matangitonga.to,rss,en,Nuku'alofa,Tonga,True,-21.13434,-175.20181,NULL,2026-03-15 20:33:07.473371-06,NULL,active,2026-03-15 20:33:07.473371-06,2026-03-15 21:47:14.853706-06
3378,trinidad_and_tobago,Trinidad and Tobago,Newsday,https://newsday.co.tt/feed/,newsday.co.tt,rss,en,Port of Spain,Trinidad and Tobago,True,10.65727,-61.51802,NULL,2026-03-15 20:35:26.270934-06,NULL,active,2026-03-15 20:35:26.270934-06,2026-03-15 21:47:14.853706-06
1775,tunisia,tunisia,Realites Online,https://realites.com.tn/fr/comments/feed/,realites.com.tn,rss,fr,Tunis,tunisia,True,33.84394,9.40014,,2026-03-02 09:28:02.687594-07,NULL,active,2026-03-02 09:28:02.687594-07,2026-03-15 21:47:14.853706-06
1786,turkey,turkey,Hurriyet Daily News,https://www.hurriyetdailynews.com/rss,hurriyetdailynews.com,rss,en,Istanbul,Turkey,True,41.00638,28.97587,,2026-03-02 09:28:02.687594-07,NULL,active,2026-03-02 09:28:02.687594-07,2026-03-15 21:47:14.853706-06
1800,turkmenistan,turkmenistan,News Central Asia,https://www.newscentralasia.net/comments/feed/,newscentralasia.net,rss,en,Ashgabat,turkmenistan,True,37.94046,58.38235,,2026-03-02 09:28:02.687594-07,NULL,active,2026-03-02 09:28:02.687594-07,2026-03-15 21:47:14.853706-06
1806,uae,uae,Iran Herald,http://feeds.iranherald.com/rss/1b76a2b4cf7810bd,feeds.iranherald.com,rss,en,Dubai,UAE,True,25.07428,55.18854,,2026-03-02 09:28:02.687594-07,NULL,active,2026-03-02 09:28:02.687594-07,2026-03-15 21:47:14.853706-06
2255,uganda,uganda,Kawowo Sports,https://kawowo.com/feed/,kawowo.com,rss,en,Kampala,uganda,True,0.31771,32.58135,,2026-03-03 11:36:00.680698-07,NULL,active,2026-03-03 11:36:00.680698-07,2026-03-15 21:47:14.853706-06
1808,uk,uk,Middle East Eye,https://www.middleeasteye.net/rss,middleeasteye.net,rss,en,London,UK,True,51.50745,-0.12777,,2026-03-02 09:28:02.687594-07,NULL,active,2026-03-02 09:28:02.687594-07,2026-03-15 21:47:14.853706-06
3922,ukraine,ukraine,DELO.ua,https://delo.ua/rss/news/,delo.ua,rss,uk,Kyiv,ukraine,True,50.45003,30.52414,,2026-03-24 16:17:00.442867-06,NULL,active,2026-03-24 16:17:00.442867-06,2026-03-24 16:17:00.442867-06
1822,uruguay,uruguay,MercoPress,https://en.mercopress.com/rss/,en.mercopress.com,rss,en,Montevideo,Uruguay,True,-34.90589,-56.19131,,2026-03-02 09:28:02.687594-07,NULL,active,2026-03-02 09:28:02.687594-07,2026-03-15 21:47:14.853706-06
1849,usa,usa,Air Force Magazine,https://www.airandspaceforces.com/feed/,airandspaceforces.com,rss,en,Arlington,USA,True,32.73558,-97.10712,,2026-03-02 09:28:02.687594-07,NULL,active,2026-03-02 09:28:02.687594-07,2026-03-15 21:47:14.853706-06
1931,usg_official,usg_official,US State Department Travel Advisories,https://travel.state.gov/_res/rss/TAsTWs.xml,travel.state.gov,rss,en,,,True,NULL,NULL,,2026-03-02 09:28:02.687594-07,NULL,active,2026-03-02 09:28:02.687594-07,2026-03-15 21:47:14.853706-06
1852,uzbekistan,uzbekistan,Uzbekistan National News Agency (UzA),https://uza.uz/en/rss,uza.uz,rss,"uz, ru, en",Tashkent,uzbekistan,True,41.31234,69.27871,,2026-03-02 09:28:02.687594-07,NULL,active,2026-03-02 09:28:02.687594-07,2026-03-15 21:47:14.853706-06
3901,venezuela,venezuela,RedRadioVe,https://redradiove.com/feed/,redradiove.com,rss,es,Caracas,venezuela,True,10.50609,-66.9146,,2026-03-24 16:14:55.45528-06,NULL,active,2026-03-24 16:14:55.45528-06,2026-03-24 16:14:55.45528-06
1878,vietnam,vietnam,Vietnam News,https://vietnamnews.vn/rss/all-news.rss,vietnamnews.vn,rss,en,Hanoi,Vietnam,True,21.02833,105.85404,,2026-03-02 09:28:02.687594-07,NULL,active,2026-03-02 09:28:02.687594-07,2026-03-15 21:47:14.853706-06
1883,yemen,yemen,Al Sahwa,https://alsahwa-yemen.net/rss,alsahwa-yemen.net,rss,ar,Sana'a,yemen,True,15.35,44.2,,2026-03-02 09:28:02.687594-07,NULL,active,2026-03-02 09:28:02.687594-07,2026-03-15 21:47:14.853706-06
1895,zambia,zambia,News Diggers!,https://diggers.news/feed/,diggers.news,rss,en,Lusaka,zambia,True,-15.41634,28.28184,,2026-03-02 09:28:02.687594-07,NULL,active,2026-03-02 09:28:02.687594-07,2026-03-15 21:47:14.853706-06
1919,zimbabwe,zimbabwe,The Financial Gazette,https://fingaz.co.zw/comments/feed/,fingaz.co.zw,rss,en,Harare,zimbabwe,True,-17.8567,31.06016,,2026-03-02 09:28:02.687594-07,NULL,active,2026-03-02 09:28:02.687594-07,2026-03-15 21:47:14.853706-06
